{
	"info": {
		"_postman_id": "80481160-b2a0-48a0-9279-0a8d28d4cbf3",
		"name": "Tienda API Spring Boot",
		"schema": "https://schema.getpostman.com/json/collection/v2.1.0/collection.json",
		"_exporter_id": "11271351"
	},
	"item": [
		{
			"name": "Auth",
			"item": [
				{
					"name": "Sign Up",
					"request": {
						"method": "POST",
						"header": [],
						"body": {
							"mode": "raw",
							"raw": "{\r\n    \"nombre\": \"{{$randomFirstName}}\",\r\n    \"apellidos\": \"{{$randomLastName}}\",\r\n    \"email\": \"{{$randomEmail}}\",\r\n    \"username\": \"user\",\r\n    \"password\": \"user1234\",\r\n    \"passwordComprobacion\": \"user1234\"\r\n}",
							"options": {
								"raw": {
									"language": "json"
								}
							}
						},
						"url": {
							"raw": "https://localhost:3000/v1/auth/signup",
							"protocol": "https",
							"host": [
								"localhost"
							],
							"port": "3000",
							"path": [
								"v1",
								"auth",
								"signup"
							]
						}
					},
					"response": []
				},
				{
					"name": "Sign In",
					"request": {
						"method": "POST",
						"header": [],
						"body": {
							"mode": "raw",
							"raw": "{\r\n    \"username\": \"{{$randomUserName}}\",\r\n    \"password\": \"user1234\"\r\n}",
							"options": {
								"raw": {
									"language": "json"
								}
							}
						},
						"url": {
							"raw": "https://localhost:3000/v1/auth/signin",
							"protocol": "https",
							"host": [
								"localhost"
							],
							"port": "3000",
							"path": [
								"v1",
								"auth",
								"signin"
							]
						}
					},
					"response": []
				},
				{
					"name": "Sign In Admin",
					"request": {
						"method": "POST",
						"header": [],
						"body": {
							"mode": "raw",
							"raw": "{\r\n    \"username\": \"admin\",\r\n    \"password\": \"Admin1\"\r\n}",
							"options": {
								"raw": {
									"language": "json"
								}
							}
						},
						"url": {
							"raw": "https://localhost:3000/v1/auth/signin",
							"protocol": "https",
							"host": [
								"localhost"
							],
							"port": "3000",
							"path": [
								"v1",
								"auth",
								"signin"
							]
						}
					},
					"response": []
				},
				{
					"name": "Sign In Test",
					"request": {
						"method": "POST",
						"header": [],
						"body": {
							"mode": "raw",
							"raw": "{\r\n    \"username\": \"test\",\r\n    \"password\": \"Test1\"\r\n}",
							"options": {
								"raw": {
									"language": "json"
								}
							}
						},
						"url": {
							"raw": "https://localhost:3000/v1/auth/signin",
							"protocol": "https",
							"host": [
								"localhost"
							],
							"port": "3000",
							"path": [
								"v1",
								"auth",
								"signin"
							]
						}
					},
					"response": []
				}
			]
		},
		{
			"name": "Categorias",
			"item": [
				{
					"name": "GET All",
					"request": {
						"method": "GET",
						"header": [],
						"url": {
							"raw": "https://localhost:3000/v1/categorias",
							"protocol": "https",
							"host": [
								"localhost"
							],
							"port": "3000",
							"path": [
								"v1",
								"categorias"
							]
						}
					},
					"response": []
				},
				{
					"name": "GET All Page, Options and SortBy",
					"request": {
						"method": "GET",
						"header": [],
						"url": {
							"raw": "https://localhost:3000/v1/categorias?nombre=COM&page=1&size=1",
							"protocol": "https",
							"host": [
								"localhost"
							],
							"port": "3000",
							"path": [
								"v1",
								"categorias"
							],
							"query": [
								{
									"key": "nombre",
									"value": "COM"
								},
								{
									"key": "isDeleted",
									"value": "true",
									"disabled": true
								},
								{
									"key": "page",
									"value": "1"
								},
								{
									"key": "size",
									"value": "1"
								}
							]
						}
					},
					"response": []
				},
				{
					"name": "GET By Id",
					"request": {
						"method": "GET",
						"header": [],
						"url": {
							"raw": "https://localhost:3000/v1/categorias/6dbcbf5e-8e1c-47cc-8578-7b0a33ebc154",
							"protocol": "https",
							"host": [
								"localhost"
							],
							"port": "3000",
							"path": [
								"v1",
								"categorias",
								"6dbcbf5e-8e1c-47cc-8578-7b0a33ebc154"
							]
						}
					},
					"response": []
				},
				{
					"name": "POST and create",
					"request": {
						"method": "POST",
						"header": [],
						"body": {
							"mode": "raw",
							"raw": "{\r\n    \"nombre\": \"{{$randomProductName}}\"\r\n}",
							"options": {
								"raw": {
									"language": "json"
								}
							}
						},
						"url": {
							"raw": "https://localhost:3000/v1/categorias",
							"protocol": "https",
							"host": [
								"localhost"
							],
							"port": "3000",
							"path": [
								"v1",
								"categorias"
							]
						}
					},
					"response": []
				},
				{
					"name": "PUT and update",
					"request": {
						"method": "PUT",
						"header": [],
						"body": {
							"mode": "raw",
							"raw": "{\r\n    \"nombre\": \"{{$randomProductName}}\",\r\n    \"isDeleted\": false\r\n}",
							"options": {
								"raw": {
									"language": "json"
								}
							}
						},
						"url": {
							"raw": "https://localhost:3000/v1/categorias/6dbcbf5e-8e1c-47cc-8578-7b0a33ebc154",
							"protocol": "https",
							"host": [
								"localhost"
							],
							"port": "3000",
							"path": [
								"v1",
								"categorias",
								"6dbcbf5e-8e1c-47cc-8578-7b0a33ebc154"
							]
						}
					},
					"response": []
				},
				{
					"name": "PATCH and update partial",
					"request": {
						"method": "PUT",
						"header": [],
						"body": {
							"mode": "raw",
							"raw": "{\r\n    \"isDeleted\": true\r\n}",
							"options": {
								"raw": {
									"language": "json"
								}
							}
						},
						"url": {
							"raw": "https://localhost:3000/v1/categorias/6dbcbf5e-8e1c-47cc-8578-7b0a33ebc154",
							"protocol": "https",
							"host": [
								"localhost"
							],
							"port": "3000",
							"path": [
								"v1",
								"categorias",
								"6dbcbf5e-8e1c-47cc-8578-7b0a33ebc154"
							]
						}
					},
					"response": []
				},
				{
					"name": "DELETE",
					"request": {
						"method": "DELETE",
						"header": [],
						"url": {
							"raw": "https://localhost:3000/v1/categorias/6dbcbf5e-8e1c-47cc-8578-7b0a33ebc154",
							"protocol": "https",
							"host": [
								"localhost"
							],
							"port": "3000",
							"path": [
								"v1",
								"categorias",
								"6dbcbf5e-8e1c-47cc-8578-7b0a33ebc154"
							]
						}
					},
					"response": []
				}
			]
		},
		{
			"name": "Productos",
			"item": [
				{
					"name": "GET All",
					"request": {
						"auth": {
							"type": "noauth"
						},
						"method": "GET",
						"header": [
							{
								"key": "Accept",
								"value": "application/xml",
								"type": "text",
								"disabled": true
							}
						],
						"url": {
							"raw": "https://localhost:3000/v1/productos",
							"protocol": "https",
							"host": [
								"localhost"
							],
							"port": "3000",
							"path": [
								"v1",
								"productos"
							]
						}
					},
					"response": []
				},
				{
					"name": "GET All Page, Options and SortBy",
					"request": {
						"auth": {
							"type": "noauth"
						},
						"method": "GET",
						"header": [
							{
								"key": "Accept",
								"value": "application/xml",
								"type": "text",
								"disabled": true
							}
						],
						"url": {
							"raw": "https://localhost:3000/v1/productos?marca=ni&categoria=depo&isDeleted=false&precioMax=300&stockMin=6&page=1&size=1&sortBy=id&direction=desc",
							"protocol": "https",
							"host": [
								"localhost"
							],
							"port": "3000",
							"path": [
								"v1",
								"productos"
							],
							"query": [
								{
									"key": "marca",
									"value": "ni"
								},
								{
									"key": "categoria",
									"value": "depo"
								},
								{
									"key": "isDeleted",
									"value": "false"
								},
								{
									"key": "precioMax",
									"value": "300"
								},
								{
									"key": "stockMin",
									"value": "6"
								},
								{
									"key": "page",
									"value": "1"
								},
								{
									"key": "size",
									"value": "1"
								},
								{
									"key": "sortBy",
									"value": "id"
								},
								{
									"key": "direction",
									"value": "desc"
								}
							]
						}
					},
					"response": []
				},
				{
					"name": "GET By Id",
					"request": {
						"auth": {
							"type": "noauth"
						},
						"method": "GET",
						"header": [
							{
								"key": "Accept",
								"value": "application/xml",
								"type": "text",
								"disabled": true
							}
						],
						"url": {
							"raw": "https://localhost:3000/v1/productos/2",
							"protocol": "https",
							"host": [
								"localhost"
							],
							"port": "3000",
							"path": [
								"v1",
								"productos",
								"2"
							]
						}
					},
					"response": []
				},
				{
					"name": "POST and create",
					"request": {
						"method": "POST",
						"header": [],
						"body": {
							"mode": "raw",
							"raw": "{\r\n    \"id\":\"{{$randomInt}}\",\r\n    \"marca\": \"{{$randomProductName}}\",\r\n    \"modelo\": \"{{$randomProductAdjective}}\",\r\n    \"descripcion\": \"{{$randomWord}}\",\r\n    \"precio\": \"{{$randomPrice}}\",\r\n    \"categoria\": \"DEPORTES\",\r\n    \"stock\": \"{{$randomInt}}\",\r\n    \"imagen\": \"{{$randomPeopleImage}}\"\r\n}",
							"options": {
								"raw": {
									"language": "json"
								}
							}
						},
						"url": {
							"raw": "https://localhost:3000/v1/productos",
							"protocol": "https",
							"host": [
								"localhost"
							],
							"port": "3000",
							"path": [
								"v1",
								"productos"
							]
						}
					},
					"response": []
				},
				{
					"name": "PUT and update",
					"request": {
						"method": "PUT",
						"header": [],
						"body": {
							"mode": "raw",
							"raw": "{\r\n    \"marca\": \"{{$randomProductName}}\",\r\n    \"modelo\": \"{{$randomProductAdjective}}\",\r\n    \"descripcion\": \"{{$randomWord}}\",\r\n    \"precio\": \"{{$randomPrice}}\",\r\n    \"categoria\": \"COMIDA\",\r\n    \"stock\": \"{{$randomInt}}\",\r\n    \"imagen\": \"{{$randomPeopleImage}}\"\r\n}",
							"options": {
								"raw": {
									"language": "json"
								}
							}
						},
						"url": {
							"raw": "https://localhost:3000/v1/productos/1",
							"protocol": "https",
							"host": [
								"localhost"
							],
							"port": "3000",
							"path": [
								"v1",
								"productos",
								"1"
							]
						}
					},
					"response": []
				},
				{
					"name": "PATCH and update partial info",
					"request": {
						"method": "PATCH",
						"header": [],
						"body": {
							"mode": "raw",
							"raw": "{\r\n    \"precio\": \"{{$randomPrice}}\",\r\n    \"stock\": \"{{$randomInt}}\",\r\n    \"isDeleted\": true\r\n}",
							"options": {
								"raw": {
									"language": "json"
								}
							}
						},
						"url": {
							"raw": "https://localhost:3000/v1/productos/6",
							"protocol": "https",
							"host": [
								"localhost"
							],
							"port": "3000",
							"path": [
								"v1",
								"productos",
								"6"
							]
						}
					},
					"response": []
				},
				{
					"name": "PATCH Solo Image",
					"request": {
						"method": "PATCH",
						"header": [],
						"body": {
							"mode": "formdata",
							"formdata": [
								{
									"key": "file",
									"type": "file",
									"src": "/C:/Users/joseluisgs/Projects/DesarrolloWebEntornosServidor-02-Proyecto-2023-2024/image-demo.png"
								}
							]
						},
						"url": {
							"raw": "https://localhost:3000/v1/productos/imagen/2",
							"protocol": "https",
							"host": [
								"localhost"
							],
							"port": "3000",
							"path": [
								"v1",
								"productos",
								"imagen",
								"2"
							],
							"query": [
								{
									"key": "file",
									"value": null,
									"disabled": true
								}
							]
						}
					},
					"response": []
				},
				{
					"name": "DELETE",
					"request": {
						"method": "DELETE",
						"header": [],
						"url": {
							"raw": "https://localhost:3000/v1/productos/2",
							"protocol": "https",
							"host": [
								"localhost"
							],
							"port": "3000",
							"path": [
								"v1",
								"productos",
								"2"
							]
						}
					},
					"response": []
				}
			]
		},
		{
			"name": "Storage",
			"item": [
				{
					"name": "Get Image",
					"request": {
						"method": "GET",
						"header": [],
						"url": {
							"raw": "https://localhost:3000/storage/1698868340066_image-demo.png",
							"protocol": "https",
							"host": [
								"localhost"
							],
							"port": "3000",
							"path": [
								"storage",
								"1698868340066_image-demo.png"
							]
						}
					},
					"response": []
				}
			]
		},
		{
			"name": "Pedidos",
			"item": [
				{
					"name": "GET All",
					"request": {
						"method": "GET",
						"header": [],
						"url": {
							"raw": "https://localhost:3000/v1/pedidos?page=0&size=1&sortBy=asc",
							"protocol": "https",
							"host": [
								"localhost"
							],
							"port": "3000",
							"path": [
								"v1",
								"pedidos"
							],
							"query": [
								{
									"key": "page",
									"value": "0"
								},
								{
									"key": "size",
									"value": "1"
								},
								{
									"key": "sortBy",
									"value": "asc"
								}
							]
						}
					},
					"response": []
				},
				{
					"name": "GET by ID",
					"request": {
						"method": "GET",
						"header": [],
						"url": {
							"raw": "https://localhost:3000/v1/pedidos/65365c274b52b604852506a8",
							"protocol": "https",
							"host": [
								"localhost"
							],
							"port": "3000",
							"path": [
								"v1",
								"pedidos",
								"65365c274b52b604852506a8"
							]
						}
					},
					"response": []
				},
				{
					"name": "GET by User ID",
					"request": {
						"method": "GET",
						"header": [],
						"url": {
							"raw": "https://localhost:3000/v1/pedidos/usuario/1",
							"protocol": "https",
							"host": [
								"localhost"
							],
							"port": "3000",
							"path": [
								"v1",
								"pedidos",
								"usuario",
								"1"
							]
						}
					},
					"response": []
				},
				{
					"name": "POST create",
					"request": {
						"method": "POST",
						"header": [],
						"body": {
							"mode": "raw",
							"raw": "{\r\n    \"idUsuario\": 1,\r\n    \"cliente\": {\r\n        \"nombreCompleto\": \"Juan Perez\",\r\n        \"email\": \"juanperez@gmail.com\",\r\n        \"telefono\": \"+34123456789\",\r\n        \"direccion\": {\r\n            \"calle\": \"Calle Mayor\",\r\n            \"numero\": \"10\",\r\n            \"ciudad\": \"Madrid\",\r\n            \"provincia\": \"Madrid\",\r\n            \"pais\": \"España\",\r\n            \"codigoPostal\": \"28001\"\r\n        }\r\n    },\r\n    \"lineasPedido\": [\r\n        {\r\n            \"id\": \"123e4567-e89b-12d3-a456-426614174001\",\r\n            \"idProducto\": 2,\r\n            \"precioProducto\": 19.99,\r\n            \"cantidad\": 1\r\n        },\r\n        {\r\n            \"id\": \"123e4567-e89b-12d3-a456-426614174002\",\r\n            \"idProducto\": 3,\r\n            \"precioProducto\": 15.99,\r\n            \"cantidad\": 2\r\n        }\r\n    ]\r\n}\r\n",
							"options": {
								"raw": {
									"language": "json"
								}
							}
						},
						"url": {
							"raw": "https://localhost:3000/v1/pedidos",
							"protocol": "https",
							"host": [
								"localhost"
							],
							"port": "3000",
							"path": [
								"v1",
								"pedidos"
							]
						}
					},
					"response": []
				},
				{
					"name": "UPDATE",
					"request": {
						"method": "PUT",
						"header": [],
						"body": {
							"mode": "raw",
							"raw": "{\r\n    \"idUsuario\": 1,\r\n    \"cliente\": {\r\n        \"nombreCompleto\": \"Juan Perez\",\r\n        \"email\": \"juanperez@gmail.com\",\r\n        \"telefono\": \"+34123456789\",\r\n        \"direccion\": {\r\n            \"calle\": \"Calle Mayor\",\r\n            \"numero\": \"10\",\r\n            \"ciudad\": \"Madrid\",\r\n            \"provincia\": \"Madrid\",\r\n            \"pais\": \"España\",\r\n            \"codigoPostal\": \"28001\"\r\n        }\r\n    },\r\n    \"lineasPedido\": [\r\n        {\r\n            \"id\": \"123e4567-e89b-12d3-a456-426614174001\",\r\n            \"idProducto\": 2,\r\n            \"precioProducto\": 19.99,\r\n            \"cantidad\": 1\r\n        },\r\n        {\r\n            \"id\": \"123e4567-e89b-12d3-a456-426614174002\",\r\n            \"idProducto\": 3,\r\n            \"precioProducto\": 15.99,\r\n            \"cantidad\": 2\r\n        }\r\n    ]\r\n}\r\n",
							"options": {
								"raw": {
									"language": "json"
								}
							}
						},
						"url": {
							"raw": "https://localhost:3000/v1/pedidos/65365cdd1c2d540a8765eb83",
							"protocol": "https",
							"host": [
								"localhost"
							],
							"port": "3000",
							"path": [
								"v1",
								"pedidos",
								"65365cdd1c2d540a8765eb83"
							]
						}
					},
					"response": []
				},
				{
					"name": "DELETE",
					"request": {
						"method": "DELETE",
						"header": [],
						"body": {
							"mode": "raw",
							"raw": "",
							"options": {
								"raw": {
									"language": "json"
								}
							}
						},
						"url": {
							"raw": "https://localhost:3000/v1/pedidos/65365c274b52b604852506a8",
							"protocol": "https",
							"host": [
								"localhost"
							],
							"port": "3000",
							"path": [
								"v1",
								"pedidos",
								"65365c274b52b604852506a8"
							]
						}
					},
					"response": []
				}
			]
		},
		{
			"name": "Users",
			"item": [
				{
					"name": "Me",
					"item": [
						{
							"name": "Profile",
							"item": [
								{
									"name": "Me",
									"request": {
										"method": "GET",
										"header": [],
										"url": {
											"raw": "https://localhost:3000/v1/users/me/profile",
											"protocol": "https",
											"host": [
												"localhost"
											],
											"port": "3000",
											"path": [
												"v1",
												"users",
												"me",
												"profile"
											]
										}
									},
									"response": []
								},
								{
									"name": "Me",
									"request": {
										"method": "DELETE",
										"header": [],
										"url": {
											"raw": "https://localhost:3000/v1/users/me/profile",
											"protocol": "https",
											"host": [
												"localhost"
											],
											"port": "3000",
											"path": [
												"v1",
												"users",
												"me",
												"profile"
											]
										}
									},
									"response": []
								},
								{
									"name": "Me",
									"request": {
										"method": "PUT",
										"header": [],
										"body": {
											"mode": "raw",
											"raw": "{\r\n    \"nombre\": \"{{$randomFirstName}}\",\r\n    \"apellidos\": \"{{$randomLastName}}\",\r\n    \"email\": \"{{$randomEmail}}\",\r\n    \"username\": \"admin\",\r\n    \"password\": \"caca1234\",\r\n    \"roles\": [\r\n        \"USER\",\r\n        \"ADMIN\"\r\n    ]\r\n}",
											"options": {
												"raw": {
													"language": "json"
												}
											}
										},
										"url": {
											"raw": "https://localhost:3000/v1/users/me/profile",
											"protocol": "https",
											"host": [
												"localhost"
											],
											"port": "3000",
											"path": [
												"v1",
												"users",
												"me",
												"profile"
											]
										}
									},
									"response": []
								}
							]
						},
						{
							"name": "Pedidos",
							"item": [
								{
									"name": "GET Pedidos",
									"request": {
										"method": "GET",
										"header": [],
										"url": {
											"raw": "https://localhost:3000/v1/users/me/pedidos",
											"protocol": "https",
											"host": [
												"localhost"
											],
											"port": "3000",
											"path": [
												"v1",
												"users",
												"me",
												"pedidos"
											]
										}
									},
									"response": []
								},
								{
									"name": "GET Pedidos by Id",
									"request": {
										"method": "GET",
										"header": [],
										"url": {
											"raw": "https://localhost:3000/v1/users/me/pedidos/65376a9522702a195b2d983d",
											"protocol": "https",
											"host": [
												"localhost"
											],
											"port": "3000",
											"path": [
												"v1",
												"users",
												"me",
												"pedidos",
												"65376a9522702a195b2d983d"
											]
										}
									},
									"response": []
								},
								{
									"name": "POST Create",
									"request": {
										"method": "POST",
										"header": [],
										"body": {
											"mode": "raw",
											"raw": "{\r\n    \"idUsuario\": 1,\r\n    \"cliente\": {\r\n        \"nombreCompleto\": \"Juan Perez\",\r\n        \"email\": \"juanperez@gmail.com\",\r\n        \"telefono\": \"+34123456789\",\r\n        \"direccion\": {\r\n            \"calle\": \"Calle Mayor\",\r\n            \"numero\": \"10\",\r\n            \"ciudad\": \"Madrid\",\r\n            \"provincia\": \"Madrid\",\r\n            \"pais\": \"España\",\r\n            \"codigoPostal\": \"28001\"\r\n        }\r\n    },\r\n    \"lineasPedido\": [\r\n        {\r\n            \"id\": \"123e4567-e89b-12d3-a456-426614174001\",\r\n            \"idProducto\": 2,\r\n            \"precioProducto\": 19.99,\r\n            \"cantidad\": 1\r\n        },\r\n        {\r\n            \"id\": \"123e4567-e89b-12d3-a456-426614174002\",\r\n            \"idProducto\": 3,\r\n            \"precioProducto\": 15.99,\r\n            \"cantidad\": 2\r\n        }\r\n    ]\r\n}\r\n",
											"options": {
												"raw": {
													"language": "json"
												}
											}
										},
										"url": {
											"raw": "https://localhost:3000/v1/users/me/pedidos",
											"protocol": "https",
											"host": [
												"localhost"
											],
											"port": "3000",
											"path": [
												"v1",
												"users",
												"me",
												"pedidos"
											]
										}
									},
									"response": []
								},
								{
									"name": "UPDATE",
									"request": {
										"method": "PUT",
										"header": [],
										"body": {
											"mode": "raw",
											"raw": "{\r\n    \"idUsuario\": 1,\r\n    \"cliente\": {\r\n        \"nombreCompleto\": \"Juan Perez\",\r\n        \"email\": \"juanperez@gmail.com\",\r\n        \"telefono\": \"+34123456789\",\r\n        \"direccion\": {\r\n            \"calle\": \"Calle Mayor\",\r\n            \"numero\": \"10\",\r\n            \"ciudad\": \"Madrid\",\r\n            \"provincia\": \"Madrid\",\r\n            \"pais\": \"España\",\r\n            \"codigoPostal\": \"28001\"\r\n        }\r\n    },\r\n    \"lineasPedido\": [\r\n        {\r\n            \"id\": \"123e4567-e89b-12d3-a456-426614174001\",\r\n            \"idProducto\": 2,\r\n            \"precioProducto\": 19.99,\r\n            \"cantidad\": 1\r\n        },\r\n        {\r\n            \"id\": \"123e4567-e89b-12d3-a456-426614174002\",\r\n            \"idProducto\": 3,\r\n            \"precioProducto\": 15.99,\r\n            \"cantidad\": 2\r\n        }\r\n    ]\r\n}\r\n",
											"options": {
												"raw": {
													"language": "json"
												}
											}
										},
										"url": {
											"raw": "https://localhost:3000/v1/users/me/pedidos/6542c2c94efd947500a5a23e",
											"protocol": "https",
											"host": [
												"localhost"
											],
											"port": "3000",
											"path": [
												"v1",
												"users",
												"me",
												"pedidos",
												"6542c2c94efd947500a5a23e"
											]
										}
									},
									"response": []
								},
								{
									"name": "DELETE",
									"request": {
										"method": "DELETE",
										"header": [],
										"body": {
											"mode": "raw",
											"raw": "",
											"options": {
												"raw": {
													"language": "json"
												}
											}
										},
										"url": {
											"raw": "https://localhost:3000/v1/users/me/pedidos/6542c2c94efd947500a5a23e",
											"protocol": "https",
											"host": [
												"localhost"
											],
											"port": "3000",
											"path": [
												"v1",
												"users",
												"me",
												"pedidos",
												"6542c2c94efd947500a5a23e"
											]
										}
									},
									"response": []
								}
							]
						}
					]
				},
				{
					"name": "Gestion",
					"item": [
						{
							"name": "Get All",
							"request": {
								"method": "GET",
								"header": [],
								"url": {
									"raw": "https://localhost:3000/v1/users",
									"protocol": "https",
									"host": [
										"localhost"
									],
									"port": "3000",
									"path": [
										"v1",
										"users"
									]
								}
							},
							"response": []
						},
						{
							"name": "Get by ID",
							"request": {
								"method": "GET",
								"header": [],
								"url": {
									"raw": "https://localhost:3000/v1/users/3",
									"protocol": "https",
									"host": [
										"localhost"
									],
									"port": "3000",
									"path": [
										"v1",
										"users",
										"3"
									]
								}
							},
							"response": []
						},
						{
							"name": "POST create",
							"request": {
								"method": "POST",
								"header": [],
								"body": {
									"mode": "raw",
									"raw": "{\r\n    \"nombre\": \"{{$randomFirstName}}\",\r\n    \"apellidos\": \"{{$randomLastName}}\",\r\n    \"email\": \"{{$randomEmail}}\",\r\n    \"username\": \"user\",\r\n    \"password\": \"user1234\",\r\n    \"roles\": [\r\n        \"USER\",\r\n        \"ADMIN\"\r\n    ]\r\n}",
									"options": {
										"raw": {
											"language": "json"
										}
									}
								},
								"url": {
									"raw": "https://localhost:3000/v1/users",
									"protocol": "https",
									"host": [
										"localhost"
									],
									"port": "3000",
									"path": [
										"v1",
										"users"
									]
								}
							},
							"response": []
						},
						{
							"name": "POST by Id",
							"request": {
								"method": "PUT",
								"header": [],
								"body": {
									"mode": "raw",
									"raw": "{\r\n    \"nombre\": \"{{$randomFirstName}}\",\r\n    \"apellidos\": \"{{$randomLastName}}\",\r\n    \"email\": \"{{$randomEmail}}\",\r\n    \"username\": \"update\",\r\n    \"password\": \"update\",\r\n    \"roles\": [\r\n        \"USER\",\r\n        \"ADMIN\"\r\n    ]\r\n}",
									"options": {
										"raw": {
											"language": "json"
										}
									}
								},
								"url": {
									"raw": "https://localhost:3000/v1/users/2",
									"protocol": "https",
									"host": [
										"localhost"
									],
									"port": "3000",
									"path": [
										"v1",
										"users",
										"2"
									]
								}
							},
							"response": []
						},
						{
							"name": "Delete by ID",
							"request": {
								"method": "DELETE",
								"header": [],
								"url": {
									"raw": "https://localhost:3000/v1/users/3",
									"protocol": "https",
									"host": [
										"localhost"
									],
									"port": "3000",
									"path": [
										"v1",
										"users",
										"3"
									]
								}
							},
							"response": []
						}
					]
				}
			],
			"event": [
				{
					"listen": "prerequest",
					"script": {
						"type": "text/javascript",
						"exec": [
							""
						]
					}
				},
				{
					"listen": "test",
					"script": {
						"type": "text/javascript",
						"exec": [
							""
						]
					}
				}
			]
		}
	],
	"auth": {
		"type": "bearer",
		"bearer": [
			{
				"key": "token",
				"value": "eyJ0eXAiOiJKV1QiLCJhbGciOiJIUzUxMiJ9.eyJzdWIiOiJhZG1pbiIsImlhdCI6MTY5ODk1NzQ1NSwiZXhwIjoxNjk5MDQzODU1LCJleHRyYUNsYWltcyI6e319.HJYY8dKPopxOIvZyr7fnzfS4Kqqc6vqGumBYnjUZN-dGZCNGMDO6UKM48mpCfWTdihamKLJzdzWoe_p2cFgkQQ",
				"type": "string"
			}
		]
	},
	"event": [
		{
			"listen": "prerequest",
			"script": {
				"type": "text/javascript",
				"exec": [
					""
				]
			}
		},
		{
			"listen": "test",
			"script": {
				"type": "text/javascript",
				"exec": [
					""
				]
			}
		}
	]
}